{"10": {"0": 0.00018886180831641268, "1": 0.00015494418229234855, "2": 0.0002302751907513529, "3": 0.00016185729368189158, "4": 0.00021130137233453866, "5": 0.0002468075199626989, "6": 0.0003026113487276604, "7": 0.0002075750489962322, "8": 0.0002518102918807221, "9": 0.00020221076996897451}, "12": {"0": 0.0002396947753549119, "1": 0.0002189136198755775, "2": 0.00015674654266164704, "3": 0.00023462017688126487, "4": 0.00017299496930137177, "5": 0.00025047583488673684, "6": 0.00026078829477084724, "7": 0.00029571496800070843, "8": 0.00017544197520872048, "9": 0.00020627107857532412}, "14": {"0": 0.0002441708484535374, "1": 0.00026265451239500774, "2": 0.00022805367500200062, "3": 0.00027057592343933114, "4": 0.0004758240232885201, "5": 0.00021887793217847137, "6": 0.00024159789350443233, "7": 0.00035662969487853624, "8": 0.00020257655879064586, "9": 0.0002970921178878526}, "16": {"0": 0.00034705989422426607, "1": 0.00025191931538642864, "2": 0.0002917357178424323, "3": 0.00030156986687946807, "4": 0.0002776545104179375, "5": 0.00034085148788597563, "6": 0.0002309326497640797, "7": 0.000191398967419859, "8": 0.0003100910697212364, "9": 0.0002712184702988964}, "18": {"0": 0.0002474579673905979, "1": 0.0002650620005398446, "2": 0.000279637448915402, "3": 0.00033905444021668964, "4": 0.00018474940122677468, "5": 0.0003201146467071047, "6": 0.0003267169360916366, "7": 0.0005035217276174626, "8": 0.0003025393920452581, "9": 0.0002688900494951409}, "20": {"0": 0.0002152922257288373, "1": 0.00035394564224934863, "2": 0.0002611892252038397, "3": 0.00040982986151495384, "4": 0.0003003898329783081, "6": 0.0002517763702457649, "7": 0.0003369792632976782, "8": 0.00033030939379955355, "9": 0.0002628233279354301}, "22": {"0": 0.00029277027931553, "1": 0.0002431820185564618, "2": 0.0004362098613086715, "3": 0.00021320716958190462, "4": 0.00031544895735674755, "6": 0.0002693799888584069, "7": 0.00031918498885198876, "9": 0.0002540499817813001}, "30": {"0": 0.009316773812903696, "1": 0.010323313855138586, "2": 0.010278538689712844, "3": 0.009697388111509648, "4": 0.009639142568917706, "5": 0.011310349307571438, "6": 0.010903192074337542, "7": 0.011251816768622193, "8": 0.00958963111793672, "9": 0.010308806658323216}, "40": {"0": 0.013098226219651581, "1": 0.014223959547695657, "2": 0.012376239424688991, "3": 0.012226694556796916, "4": 0.012041291225717588, "5": 0.01274133280958039, "6": 0.01403120518031196, "7": 0.01283796008736064, "8": 0.013300053180227277, "9": 0.013444984513679276}, "50": {"0": 0.018806858806359076, "1": 0.01580417877560273, "2": 0.01579481175944174, "3": 0.016898217195492126, "4": 0.017781656691424993, "5": 0.01547031574061775, "6": 0.016445885763972844, "7": 0.016293379889188383, "8": 0.01424043984964902, "9": 0.01575211937000127}, "60": {"0": 0.01845334295852411, "1": 0.01838742648958912, "2": 0.01879069747676667, "3": 0.019487209835090946, "4": 0.018452482555582284, "5": 0.019483674960612617, "6": 0.019416784186012493, "7": 0.01755402290153372, "8": 0.017533497400792693, "9": 0.019512041443530224}, "70": {"0": 0.020236174946669485, "1": 0.019709589182142967, "2": 0.02009340946184273, "3": 0.020292947128595563, "4": 0.021098916435721163, "5": 0.021636815073114185, "6": 0.021547487391894687, "7": 0.02151448101635348, "8": 0.019206411355691438, "9": 0.019779605532719253}, "80": {"0": 0.022771355775116277, "2": 0.022991161953852216, "3": 0.021817313369657105, "4": 0.022904257132656352, "5": 0.022353494655500326, "6": 0.02220259458389543, "7": 0.02546988343180574, "8": 0.02345224284009742, "9": 0.020597320272729938}, "90": {"1": 0.027280372805272544, "3": 0.026237991217287843, "4": 0.025110399996487016, "5": 0.027956522840932432, "7": 0.023733530929673265}}