{"10": [0.03, 0.031, 0.022333333333333334, 0.018, 0.028, 0.023, 0.041, 0.026, 0.035, 0.02666666666666667], "12": [0.042333333333333334, 0.03766666666666667, 0.042333333333333334, 0.04, 0.035666666666666666, 0.036333333333333336, 0.027333333333333334, 0.036333333333333336, 0.022, 0.027666666666666666], "14": [0.06266666666666666, 0.03866666666666667, 0.057, 0.030333333333333334, 0.050333333333333334, 0.061, 0.044, 0.04766666666666667, 0.04566666666666667, 0.04466666666666667], "16": [0.03, 0.06233333333333333, 0.04666666666666667, 0.05366666666666667, 0.056, 0.035, 0.04466666666666667, 0.05366666666666667, 0.058, 0.049], "18": [0.049, 0.07133333333333333, 0.04833333333333333, 0.061, 0.051666666666666666, 0.07166666666666667, 0.05533333333333333, 0.06, 0.057, 0.044333333333333336], "20": [0.06133333333333333, 0.059666666666666666, 0.06533333333333333, 0.06933333333333333, 0.07233333333333333, 0.08433333333333333, 0.05733333333333333, 0.05533333333333333, 0.06266666666666666, 0.041666666666666664], "22": [0.06933333333333333, 0.08633333333333333, 0.060333333333333336, 0.05733333333333333, 0.04766666666666667, 0.08966666666666667, 0.044, 0.078, 0.08933333333333333, 0.063], "30": [0.09533333333333334, 0.10133333333333333, 0.10266666666666667, 0.10733333333333334, 0.08166666666666667, 0.08566666666666667, 0.06566666666666666, 0.087, 0.105, 0.123], "40": [0.14666666666666667, 0.10533333333333333, 0.128, 0.12733333333333333, 0.13733333333333334, 0.109, 0.11566666666666667, 0.16766666666666666, 0.15733333333333333, 0.113], "50": [0.16233333333333333, 0.14566666666666667, 0.16933333333333334, 0.12533333333333332, 0.17, 0.20633333333333334, 0.158, 0.15666666666666668, 0.148, 0.149], "60": [0.217, 0.25966666666666666, 0.181, 0.155, 0.19833333333333333, 0.17366666666666666, 0.21666666666666667, 0.17166666666666666, 0.176, 0.241], "70": [0.25533333333333336, 0.19, 0.21233333333333335, 0.24666666666666667, 0.237, 0.23166666666666666, 0.209, 0.24033333333333334, 0.21133333333333335, 0.25166666666666665], "80": [0.2803333333333333, 0.21733333333333332, 0.367, 0.217, 0.2783333333333333, 0.2733333333333333, 0.3313333333333333, 0.312, 0.2816666666666667, 0.2643333333333333], "90": [0.30566666666666664, 0.31966666666666665, 0.35033333333333333, 0.38333333333333336, 0.31066666666666665, 0.33, 0.3233333333333333, 0.4076666666666667, 0.3436666666666667, 0.24766666666666667]}