{"10": [0.05733333333333333, 0.045, 0.056, 0.05, 0.043333333333333335, 0.05566666666666667, 0.05366666666666667, 0.056666666666666664, 0.05266666666666667, 0.051666666666666666], "12": [0.06266666666666666, 0.059333333333333335, 0.05733333333333333, 0.086, 0.071, 0.06266666666666666, 0.05366666666666667, 0.07433333333333333, 0.08633333333333333, 0.06166666666666667], "14": [0.093, 0.05433333333333333, 0.07333333333333333, 0.06266666666666666, 0.06733333333333333, 0.089, 0.061, 0.063, 0.05733333333333333, 0.068], "16": [0.09766666666666667, 0.063, 0.11, 0.107, 0.102, 0.06633333333333333, 0.09033333333333333, 0.095, 0.12366666666666666, 0.095], "18": [0.098, 0.093, 0.158, 0.109, 0.122, 0.09166666666666666, 0.13033333333333333, 0.132, 0.15, 0.15366666666666667], "20": [0.13266666666666665, 0.13733333333333334, 0.15566666666666668, 0.156, 0.13733333333333334, 0.13966666666666666, 0.15133333333333332, 0.15633333333333332, 0.13433333333333333, 0.129], "22": [0.15333333333333332, 0.184, 0.13366666666666666, 0.128, 0.12666666666666668, 0.159, 0.20933333333333334, 0.141, 0.205, 0.136], "30": [0.17333333333333334, 0.126, 0.18133333333333335, 0.177, 0.22, 0.14333333333333334, 0.18866666666666668, 0.191, 0.222, 0.189], "40": [0.3506666666666667, 0.23, 0.24966666666666668, 0.2853333333333333, 0.21966666666666668, 0.22766666666666666, 0.30366666666666664, 0.21166666666666667, 0.23766666666666666, 0.232], "50": [0.38866666666666666, 0.29733333333333334, 0.4023333333333333, 0.22233333333333333, 0.3283333333333333, 0.4553333333333333, 0.366, 0.36733333333333335, 0.35833333333333334, 0.358], "60": [0.457, 0.42333333333333334, 0.433, 0.403, 0.501, 0.411, 0.4156666666666667, 0.41933333333333334, 0.3963333333333333, 0.25566666666666665], "70": [0.6076666666666667, 0.571, 0.4876666666666667, 0.529, 0.518, 0.6293333333333333, 0.41933333333333334, 0.6203333333333333, 0.4103333333333333, 0.433], "80": [0.5156666666666667, 0.612, 0.513, 0.5556666666666666, 0.5496666666666666, 0.6296666666666667, 0.611, 0.645, 0.707, 0.592], "90": [0.7826666666666666, 0.779, 0.8136666666666666, 0.5556666666666666, 0.7783333333333333, 0.814, 0.7003333333333334, 0.7343333333333333, 0.6313333333333333, 0.8993333333333333]}